output_text,intput_text
gastroesophageal reflux disease,what is the uses of Magaldrate
fever,"what is the uses of Doxylamine-PE-DM-Acetaminophen, Diphenhydramine-PPA-ASA"
"calcium carb-mag hydrox-simeth, alum-mag hydroxide-simeth",which medication is used for flatulence
Bacterial Urinary Tract Infection,what is the uses of Cefepime
diclofenac sodium,which medication is used for gout
fever,what is the uses of Doxylamine-PE-DM-Acetaminophen
clotrimazole,which medication is used for oral candidiasis
adenocarcinoma of pancreas,what is the uses of Gemcitabine
tigecycline,which medication is used for diverticulitis of gastrointestinal tract
hemorrhoids,what is the uses of Hydrocortisone Acetate
labetalol,which medication is used for hypertension
naproxen,which medication is used for gout
ofloxacin,which medication is used for bacterial urinary tract infection
hypertension,what is the uses of Atenolol
fosinopril-hydrochlorothiazide,which medication is used for hypertension
Atopic Dermatitis,what is the uses of Amcinonide
"omeprazole, omeprazole magnesium",which medication is used for gastroesophageal reflux disease
gout,"what is the uses of Pseudoephedrine-Ibuprofen, Ibuprofen"
enalapril maleate,which medication is used for hypertension
demeclocycline,which medication is used for bacterial urinary tract infection
eprosartan,which medication is used for hypertension
"diphenhydramine hcl, diphenhydramine citrate",which medication is used for vertigo
hypercholesterolemia,what is the uses of Fenofibric Acid
naproxen sodium,which medication is used for gout
diltiazem hcl,which medication is used for hypertension
cetirizine,which medication is used for atopic dermatitis
nadolol,which medication is used for hypertension
ursodiol,which medication is used for biliary calculus
"betamethasone, augmented, betamethasone dipropionate",which medication is used for atopic dermatitis
cimetidine,which medication is used for gastroesophageal reflux disease
Bacterial Urinary Tract Infection,what is the uses of Amoxicillin-Pot Clavulanate
amiloride-hydrochlorothiazide,which medication is used for hypertension
Infantile Autism,what is the uses of Aripiprazole
fever,"what is the uses of Pseudoephed-DM-Acetaminophen, Phenylpropanolamine-GG, Chlorpheniramine-Pseudoephed"
hemorrhoids,"what is the uses of Cocoa Butter-Zinc Oxide, Zinc Oxide"
flatulence,"what is the uses of Aluminum-Magnesium Hydroxide, Alum-Mag Hydroxide-Simeth"
fluticasone propionate,which medication is used for atopic dermatitis
"hydrocortisone acetate, bismuth subg-balsam-znox-resor",which medication is used for hemorrhoids
gastroesophageal reflux disease,what is the uses of Magnesium Oxide
diclofenac sodium,which medication is used for gout
nystatin,which medication is used for oral candidiasis
amlodipine-olmesartan,which medication is used for hypertension
vertigo,what is the uses of Diphenhydramine Hcl
cefepime,which medication is used for bacterial urinary tract infection
adenocarcinoma of pancreas,what is the uses of Doxorubicin
miconazole-skin clnsr17,which medication is used for vulvovaginal candidiasis
aztreonam,which medication is used for bacterial urinary tract infection
aripiprazole,which medication is used for infantile autism
dm-pe-acetam/dm-acetam-doxylam,which medication is used for fever
fosinopril,which medication is used for hypertension
amitriptyline,which medication is used for fibromyalgia
omeprazole magnesium,which medication is used for gastroesophageal reflux disease
hypertension,what is the uses of Bumetanide
propranolol,which medication is used for hypertension
"asa-acetaminophen-salicyl-caff, mg salicylat-acetaminophen-caf",which medication is used for back pain
edema,what is the uses of Triamterene-Hydrochlorothiazid
Atopic Dermatitis,what is the uses of Tacrolimus
hemorrhoids,"what is the uses of Hydrocortisone Acetate, Hydrocortison-Resor-Bismth-Zno, Hydrocortisone"
doxycycline monohydrate,which medication is used for bacterial urinary tract infection
metoclopramide hcl,which medication is used for gastroesophageal reflux disease
fever,"what is the uses of Acetaminophen-Pamabrom, Ibuprofen"
Pharyngitis due to Streptococcus Pyogenes,what is the uses of Cefpodoxime
edema,what is the uses of Bumetanide
fever,what is the uses of Doxylam-PE-DM-Acetaminophen-GG
aspirin,which medication is used for fever
azilsartan medoxomil,which medication is used for hypertension
acyclovir sodium,which medication is used for chickenpox
fluocinonide,which medication is used for atopic dermatitis
protriptyline,which medication is used for depression
Acute Bacterial Sinusitis,what is the uses of Ampicillin Sodium
Atopic Dermatitis,what is the uses of Hydrocortisone Sod Succinate
ezetimibe,which medication is used for hypercholesterolemia
flatulence,what is the uses of Calcium Carbonate-Simethicone
cefaclor,which medication is used for bacterial urinary tract infection
Atopic Dermatitis,what is the uses of Fluocinonide-Emollient
"aluminum-magnesium-alginate, alum-mag hydroxide-simeth",which medication is used for gastroesophageal reflux disease
phenylephrine-dm-acetaminophen,which medication is used for fever
Atopic Dermatitis,what is the uses of Halobetasol Propionate
Atopic Dermatitis,what is the uses of Hydrocortisone
ofloxacin,which medication is used for bacterial conjunctivitis
diverticulitis of gastrointestinal tract,"what is the uses of Ciprofloxacin Hcl, Ciprofloxacin"
Acute Bacterial Sinusitis,what is the uses of Ampicillin
hemorrhoids,what is the uses of Phenyleph-Pramoxin-Glycr-W.Pet
Atopic Dermatitis,what is the uses of Diflorasone-Emollient
gout,what is the uses of Meloxicam
diverticulitis of gastrointestinal tract,what is the uses of Tigecycline
hydrochlorothiazide,which medication is used for edema
hypertension,what is the uses of Terazosin
hypertension,what is the uses of Verapamil
Bacterial Urinary Tract Infection,what is the uses of Trimethoprim
adenocarcinoma of pancreas,what is the uses of Mitomycin
fluorouracil,which medication is used for colorectal cancer
amlodipine,which medication is used for hypertension
Atopic Dermatitis,what is the uses of Fluticasone Propionate
Bacterial Urinary Tract Infection,what is the uses of Cefixime
milnacipran,which medication is used for fibromyalgia
Bacterial Conjunctivitis,what is the uses of Erythromycin
duloxetine,which medication is used for fibromyalgia
fever,what is the uses of Acetaminophen-DM
ciprofloxacin in 5 % dextrose,which medication is used for diverticulitis of gastrointestinal tract
hypertension,what is the uses of Amlodipine-Valsartan
phenylephrine-dm-acetaminophen,which medication is used for fever
imipramine pamoate,which medication is used for depression
oral candidiasis,what is the uses of Clotrimazole
"pseudoephedrine-ibuprofen, brompheniram-pse-acetaminophen",which medication is used for fever
"hydrocortisone acetate, hydrocortison-resor-bismth-zno, hydrocortisone",which medication is used for hemorrhoids
capsaicin-methyl sal-menthol,which medication is used for back pain
depression,what is the uses of Amitriptyline
gout,what is the uses of Meclofenamate
vertigo,what is the uses of Meclizine
hypercholesterolemia,what is the uses of Niacin
Bacterial Urinary Tract Infection,what is the uses of Sulfamethoxazole-Trimethoprim
ramipril,which medication is used for prevention of cerebrovascular accident
vit e-grape-hyaluronate sodium,which medication is used for atopic dermatitis
amlodipine-atorvastatin,which medication is used for hypercholesterolemia
hemorrhoids,"what is the uses of Phenyleph-Shark Oil-Glyc-Pet, Phenyleph-Min Oil-Petrolatum, Cocoa Butter-Shark Liver Oil"
cefaclor,which medication is used for pharyngitis due to streptococcus pyogenes
telmisartan-amlodipine,which medication is used for hypertension
Bacterial Urinary Tract Infection,"what is the uses of Ceftriaxone In Dextrose,Iso-Os"
fever,what is the uses of Chlorpheniramine-Acetaminophen
Atopic Dermatitis,what is the uses of Fluocinolone-Emol Cmb#65
lansoprazole,which medication is used for gastroesophageal reflux disease
trolamine salicylate-aloe vera,which medication is used for back pain
diphenhydramine citrate,which medication is used for vertigo
verapamil,which medication is used for hypertension
clotrimazole,which medication is used for vulvovaginal candidiasis
Bacterial Urinary Tract Infection,what is the uses of Cefdinir
terconazole,which medication is used for vulvovaginal candidiasis
esomeprazole strontium,which medication is used for gastroesophageal reflux disease
depression,what is the uses of Maprotiline
gastroesophageal reflux disease,"what is the uses of Calcium Carbonate-Mag Hydroxid, Calcium Carbonate, Dihydroxyaluminum Sod Carb"
gout,what is the uses of Ibuprofen-Famotidine
hemorrhoids,what is the uses of Hydrocortisone Acetate
edema,what is the uses of Chlorothiazide
levofloxacin in d5w,which medication is used for bacterial urinary tract infection
mupirocin,which medication is used for impetigo
aliskiren,which medication is used for hypertension
hydrocortisone,which medication is used for hemorrhoids
"aspirin-acetaminophen-caffeine, aspirin, phenyltoloxamine-acetaminophen",which medication is used for fever
gastroesophageal reflux disease,what is the uses of Al Hyd-Mg Tr-Alg Ac-Sod Bicarb
chickenpox,what is the uses of Acyclovir Sodium
valsartan,which medication is used for hypertension
goserelin,which medication is used for endometriosis
dm-benzocaine-menthol,which medication is used for sore throat
butoconazole nitrate,which medication is used for vulvovaginal candidiasis
chlorpheniram-dm-acetaminophen,which medication is used for sore throat
Bacterial Urinary Tract Infection,what is the uses of Streptomycin
hypercholesterolemia,what is the uses of Pravastatin
niacin,which medication is used for hypercholesterolemia
adenocarcinoma of pancreas,what is the uses of Fluorouracil
hypertension,what is the uses of Clonidine Hcl
Atopic Dermatitis,what is the uses of Mometasone
fluconazole,which medication is used for vulvovaginal candidiasis
hypercholesterolemia,"what is the uses of Fenofibrate Micronized, Fenofibrate Nanocrystallized"
moxifloxacin,which medication is used for acute bacterial sinusitis
hemorrhoids,"what is the uses of Diphenhydramine-Calamine, Pramoxine-Calamine"
gastroesophageal reflux disease,what is the uses of Ranitidine Hcl
gastroesophageal reflux disease,what is the uses of Lansoprazole
chlorthalidone,which medication is used for hypertension
gastroesophageal reflux disease,what is the uses of Pantoprazole
prednisone,which medication is used for atopic dermatitis
gastroesophageal reflux disease,"what is the uses of Omeprazole, Omeprazole Magnesium"
Sleepiness Due To Obstructive Sleep Apnea,what is the uses of Armodafinil
hypertension,what is the uses of Eplerenone
flatulence,"what is the uses of Aluminum-Magnesium-Alginate, Alum-Mag Hydroxide-Simeth"
Atopic Dermatitis,what is the uses of Prednisolone Sodium Phosphate
scabies,what is the uses of Permethrin
Bacterial Urinary Tract Infection,what is the uses of Ciprofloxacin
hypertension,what is the uses of Perindopril Erbumine
edema,what is the uses of Furosemide
prevention of cerebrovascular accident,what is the uses of Rosuvastatin
moxifloxacin,which medication is used for bacterial conjunctivitis
flurbiprofen,which medication is used for gout
asa-acetaminophen-salicyl-caff,which medication is used for fever
Atopic Dermatitis,what is the uses of Prednisone
amiloride-hydrochlorothiazide,which medication is used for edema
ranitidine hcl,which medication is used for gastroesophageal reflux disease
impetigo,what is the uses of Mupirocin
diltiazem hcl,which medication is used for hypertension
diphenhydramine hcl,which medication is used for vertigo
omeprazole magnesium,which medication is used for gastroesophageal reflux disease
Atopic Dermatitis,what is the uses of Diflorasone
famciclovir,which medication is used for herpes zoster
pregabalin,which medication is used for fibromyalgia
"pseudoephed-dm-acetaminophen, cpm-pseudoeph-dm-acetaminophen",which medication is used for fever
edema,what is the uses of Hydrochlorothiazide
cefprozil,which medication is used for pharyngitis due to streptococcus pyogenes
dexlansoprazole,which medication is used for gastroesophageal reflux disease
ciprofloxacin hcl,which medication is used for diverticulitis of gastrointestinal tract
vulvovaginal candidiasis,what is the uses of Fluconazole
"starch, pramoxine-mineral oil-zinc",which medication is used for hemorrhoids
Atopic Dermatitis,"what is the uses of Betamethasone, Augmented, Betamethasone Dipropionate"
edema,what is the uses of Amiloride-Hydrochlorothiazide
azithromycin,which medication is used for acute bacterial sinusitis
ciprofloxacin in 5 % dextrose,which medication is used for bacterial urinary tract infection
gout,what is the uses of Naproxen Sodium
permethrin,which medication is used for scabies
Bacterial Urinary Tract Infection,what is the uses of Ceftriaxone
dexamethasone sodium phos (pf),which medication is used for atopic dermatitis
hypertension,what is the uses of Moexipril
clindamycin in 5 % dextrose,which medication is used for diverticulitis of gastrointestinal tract
genital herpes simplex,what is the uses of Acyclovir-Hydrocortisone
miconazole nitrate,which medication is used for vulvovaginal candidiasis
Atopic Dermatitis,what is the uses of Desonide-Emollient Combo No 28
gout,what is the uses of Naproxen
ibuprofen,which medication is used for fever
Atopic Dermatitis,"what is the uses of Hydrocortisone-Pramoxine, Hydrocortisone"
endometriosis,what is the uses of Norethindrone Acetate
diverticulitis of gastrointestinal tract,what is the uses of Ciprofloxacin Hcl
fever,"what is the uses of Doxylamin-PSE-DM-Acetaminophen, Chlorphen-PE-DM-Acetaminophen"
Acute Bacterial Sinusitis,what is the uses of Erythromycin
ezetimibe-simvastatin,which medication is used for hypercholesterolemia
hydrocortisone acetate,which medication is used for atopic dermatitis
gout,what is the uses of Oxaprozin
fenoprofen,which medication is used for gout
fever,"what is the uses of Pseudoephedrine-Ibuprofen, Brompheniram-PSE-Acetaminophen"
hypercholesterolemia,"what is the uses of Fenofibrate Micronized, Fenofibrate"
gout,what is the uses of Diflunisal
trimethoprim,which medication is used for bacterial urinary tract infection
acetaminophen,which medication is used for back pain
acyclovir,which medication is used for herpes zoster
Bacterial Urinary Tract Infection,what is the uses of Amikacin
fluocinonide,which medication is used for atopic dermatitis
hypertension,what is the uses of Captopril-Hydrochlorothiazide
hypertension,what is the uses of Perindopril-Amlodipine
fever,what is the uses of Pseudoephed-DM-Acetaminophen
acetaminophen,which medication is used for fever
cefaclor,which medication is used for bacterial urinary tract infection
flatulence,what is the uses of Calcium Carbonate-Mag Hydroxid
Bacterial Conjunctivitis,what is the uses of Besifloxacin
"chlorphenir-phenylephrn-aspirn, diphenhydramine-acetaminophen, cpm-phenyleph-acetaminophen, cpm-pseudoeph-dm-acetaminophen",which medication is used for fever
Atopic Dermatitis,what is the uses of Betamethasone Valerate
Bacterial Urinary Tract Infection,what is the uses of Cephalexin
depression,what is the uses of Fluvoxamine
Pharyngitis due to Streptococcus Pyogenes,what is the uses of Erythromycin Ethylsuccinate
esomeprazole magnesium,which medication is used for gastroesophageal reflux disease
olmesartan,which medication is used for hypertension
back pain,what is the uses of Capsaicin-Methyl Sal-Menthol
amoxicillin-pot clavulanate,which medication is used for bacterial urinary tract infection
fever,what is the uses of Pseudoephed-DM-Acetaminophen
Bacterial Urinary Tract Infection,what is the uses of Cefazolin
hypertension,what is the uses of Ethacrynic Acid
cisplatin,which medication is used for adenocarcinoma of pancreas
atorvastatin,which medication is used for prevention of cerebrovascular accident
gastroesophageal reflux disease,what is the uses of Omeprazole Magnesium
hemorrhoids,what is the uses of Hydrocortisone
diverticulitis of gastrointestinal tract,what is the uses of Amikacin
"fenofibrate micronized, fenofibrate",which medication is used for hypercholesterolemia
hypertension,what is the uses of Furosemide
"pseudoephedrine-ibuprofen, ibuprofen",which medication is used for fever
hypertension,what is the uses of Clonidine
sulfamethoxazole-trimethoprim,which medication is used for diverticulitis of gastrointestinal tract
"betamethasone, augmented",which medication is used for atopic dermatitis
"calcium carbonate-mag hydroxid, calcium carbonate, dihydroxyaluminum sod carb",which medication is used for gastroesophageal reflux disease
hypertension,what is the uses of Eprosartan
hypertension,what is the uses of Bisoprolol-Hydrochlorothiazide
adenocarcinoma of pancreas,what is the uses of Capecitabine
pseudoephed-dm-acetaminophen,which medication is used for fever
hypertension,what is the uses of Trandolapril
hydrocortisone butyrate,which medication is used for atopic dermatitis
hemorrhoids,what is the uses of Zinc Oxide
pseudoephedrine-ibuprofen,which medication is used for fever
levofloxacin,which medication is used for bacterial urinary tract infection
fever,what is the uses of Naproxen Sodium
Pharyngitis due to Streptococcus Pyogenes,what is the uses of Cefprozil
hypertension,what is the uses of Lisinopril-Hydrochlorothiazide
nortriptyline,which medication is used for depression
norethindrone-e.estradiol-iron,which medication is used for endometriosis
clindamycin phosphate,which medication is used for diverticulitis of gastrointestinal tract
hypercholesterolemia,what is the uses of Fluvastatin
amoxapine,which medication is used for depression
hypertension,what is the uses of Metolazone
hypertension,what is the uses of Spironolacton-Hydrochlorothiaz
furosemide,which medication is used for edema
Atopic Dermatitis,what is the uses of Clobetasol
meclizine,which medication is used for vertigo
losartan-hydrochlorothiazide,which medication is used for hypertension
endometriosis,what is the uses of Norethin-E.Estradiol Triphasic
gastroesophageal reflux disease,what is the uses of Ranitidine Hcl
hemorrhoids,what is the uses of Lidocaine
amikacin,which medication is used for bacterial urinary tract infection
Bacterial Conjunctivitis,what is the uses of Moxifloxacin
Atopic Dermatitis,"what is the uses of Vit E-Glycerin-Dimethicone, Glycerin-Dimethicone-Petro, Wh"
lidocaine,which medication is used for hemorrhoids
Sleepiness Due To Obstructive Sleep Apnea,what is the uses of Modafinil
paroxetine hcl,which medication is used for fibromyalgia
fever,"what is the uses of ASA-Acetaminophen-Salicyl-Caff, Mg Salicylat-Acetaminophen-Caf"
fever,"what is the uses of Pseudoephedrine-Ibuprofen, Ibuprofen"
endometriosis,what is the uses of Levonorgestrel-Ethinyl Estrad
evolocumab,which medication is used for prevention of cerebrovascular accident
hemorrhoids,what is the uses of Phenylephrine-Witch Hazel
naproxen,which medication is used for fever
timolol maleate,which medication is used for hypertension
nebivolol,which medication is used for hypertension
hypercholesterolemia,what is the uses of Cholestyramine (With Sugar)
amoxicillin,which medication is used for acute bacterial sinusitis
simvastatin,which medication is used for prevention of cerebrovascular accident
hypertension,what is the uses of Olmesartan-Amlodipin-Hcthiazid
triamterene-hydrochlorothiazid,which medication is used for hypertension
ketoprofen,which medication is used for gout
ranitidine hcl,which medication is used for gastroesophageal reflux disease
gout,what is the uses of Diclofenac Sodium
diverticulitis of gastrointestinal tract,what is the uses of Metronidazole
trandolapril,which medication is used for hypertension
back pain,"what is the uses of Menthol, Camphor-Methyl Salicyl-Menthol"
phenyleph-dm-acetamin-guaifen,which medication is used for fever
cefdinir,which medication is used for pharyngitis due to streptococcus pyogenes
fever,what is the uses of Naproxen
zinc oxide,which medication is used for hemorrhoids
fever,"what is the uses of Cpm-PPA-DM-Acetaminophen, Acetaminophen"
fever,what is the uses of Phenyleph-DM-Acetamin-Guaifen
hypercholesterolemia,what is the uses of Niacin
lisinopril-hydrochlorothiazide,which medication is used for hypertension
cholestyramine (with sugar),which medication is used for hypercholesterolemia
clobetasol-emollient,which medication is used for atopic dermatitis
hypertension,what is the uses of Amlodipine-Valsartan-Hcthiazid
tolmetin,which medication is used for gout
"aspirin, buffered",which medication is used for fever
cefixime,which medication is used for pharyngitis due to streptococcus pyogenes
ibuprofen,which medication is used for fever
fenofibrate nanocrystallized,which medication is used for hypercholesterolemia
hemorrhoids,what is the uses of Pramoxine
Bacterial Conjunctivitis,what is the uses of Azithromycin
amoxicillin-pot clavulanate,which medication is used for diverticulitis of gastrointestinal tract
erythromycin stearate,which medication is used for gastroesophageal reflux disease
Atopic Dermatitis,"what is the uses of Salicylic Acid, Hydrocortisone"
gout,what is the uses of Tolmetin
l norgest/e.estradiol-e.estrad,which medication is used for endometriosis
Bacterial Urinary Tract Infection,what is the uses of Ampicillin Sodium
dexamethasone,which medication is used for atopic dermatitis
flatulence,"what is the uses of Simethicone, Alpha-D-Galactosidase"
fever,what is the uses of Acetaminophen
gatifloxacin,which medication is used for bacterial conjunctivitis
pramoxine,which medication is used for hemorrhoids
"mupirocin calcium, mupirocin",which medication is used for impetigo
"mupirocin calcium, mupirocin",which medication is used for furunculosis
hypercholesterolemia,what is the uses of Lovastatin
cpm-pseudoeph-dm-acetaminophen,which medication is used for fever
gastroesophageal reflux disease,what is the uses of Pantoprazole
cephalexin,which medication is used for bacterial urinary tract infection
olmesartan-amlodipin-hcthiazid,which medication is used for hypertension
gout,what is the uses of Piroxicam
Acute Bacterial Sinusitis,what is the uses of Erythromycin Ethylsuccinate
back pain,what is the uses of Capsaicin In Castor Oil
asa-acetaminophen-salicyl-caff,which medication is used for fever
hemorrhoids,"what is the uses of Pramoxine-Calamine-Camphor, Pramoxine-Calamine"
hypertension,what is the uses of Triamterene
Bacterial Urinary Tract Infection,what is the uses of Nitrofurantoin Macrocrystal
fever,what is the uses of DM-PE-Acetam/DM-Acetam-Doxylam
sulfacetamide sodium,which medication is used for bacterial conjunctivitis
Bacterial Urinary Tract Infection,what is the uses of Ampicillin
mupirocin,which medication is used for impetigo
Bacterial Conjunctivitis,what is the uses of Sulfacetamide-Prednisolone
"trolamine salicylate, ala-bos-gin-bas-rose-tur-wil",which medication is used for back pain
flatulence,"what is the uses of Activated Charcoal-Simethicone, Simethicone"
Atopic Dermatitis,what is the uses of Fluocinonide
hypertension,what is the uses of Aliskiren
gout,what is the uses of Flurbiprofen
hypertension,what is the uses of Pindolol
sucralfate,which medication is used for gastroesophageal reflux disease
hypertension,what is the uses of Acebutolol
niacin,which medication is used for hypercholesterolemia
Acute Bacterial Sinusitis,what is the uses of Amoxicillin-Pot Clavulanate
sore throat,what is the uses of Chlorpheniram-DM-Acetaminophen
prevention of cerebrovascular accident,what is the uses of Aspirin
piroxicam,which medication is used for gout
Bacterial Conjunctivitis,what is the uses of Levofloxacin
alirocumab,which medication is used for hypercholesterolemia
hypertension,what is the uses of Diltiazem Hcl
butoconazole nitrate,which medication is used for vulvovaginal candidiasis
edema,what is the uses of Ethacrynic Acid
amlodipine-atorvastatin,which medication is used for prevention of cerebrovascular accident
evolocumab,which medication is used for hypercholesterolemia
gastroesophageal reflux disease,what is the uses of Dexlansoprazole
medroxyprogesterone,which medication is used for endometriosis
"simethicone, alpha-d-galactosidase",which medication is used for flatulence
tramadol-acetaminophen,which medication is used for fibromyalgia
fever,what is the uses of Phenylephrine-DM-Acetaminophen
hypertension,what is the uses of Benazepril-Hydrochlorothiazide
hypercholesterolemia,what is the uses of Evolocumab
bisoprolol-hydrochlorothiazide,which medication is used for hypertension
Atopic Dermatitis,what is the uses of Doxepin
Atopic Dermatitis,what is the uses of Fluocinolone And Shower Cap
levonorgestrel-ethinyl estrad,which medication is used for endometriosis
diverticulitis of gastrointestinal tract,what is the uses of Clindamycin Phosphate
candesartan,which medication is used for hypertension
hydrocortisone probutate,which medication is used for atopic dermatitis
"norethin-e.estradiol triphasic, norethindrone-ethin estradiol",which medication is used for endometriosis
lansoprazole,which medication is used for gastroesophageal reflux disease
simvastatin,which medication is used for hypercholesterolemia
herpes zoster,what is the uses of Acyclovir Sodium
vertigo,what is the uses of Dimenhydrinate
cefdinir,which medication is used for bacterial urinary tract infection
"pseudoeph-dm-gg-acetaminophen, chlorphen-pe-dm-acetaminophen",which medication is used for fever
fever,what is the uses of ASA-Acetaminophen-Salicyl-Caff
felodipine,which medication is used for hypertension
erythromycin,which medication is used for pharyngitis due to streptococcus pyogenes
"triamterene-hydrochlorothiazid, trichlormethiazide",which medication is used for hypertension
Bacterial Conjunctivitis,what is the uses of Bacitracin-Polymyxin B
doxylamin-pse-dm-acetaminophen,which medication is used for fever
Atopic Dermatitis,what is the uses of Methylprednisolone Acetate
"hydrocortisone, pramoxine-benzyl alcohol",which medication is used for atopic dermatitis
fluvastatin,which medication is used for hypercholesterolemia
back pain,"what is the uses of Menthol-Camphor-Antarth Cb#1, Methyl Salicylate-Menthol, Camphor-Menthol, Camphor-Methyl Salicyl-Menthol"
"calcium carbonate-mag hydroxid, alum-mag hydroxide-simeth",which medication is used for flatulence
hypercholesterolemia,what is the uses of Fenofibrate Micronized
hypertension,what is the uses of Enalapril-Hydrochlorothiazide
naproxen sodium,which medication is used for fever
hemorrhoids,what is the uses of Hydrocortisone Acetate
hypercholesterolemia,what is the uses of Cholestyramine-Aspartame
hypertension,what is the uses of Azilsartan Med-Chlorthalidone
benzocaine,which medication is used for sore throat
aspirin-acetaminophen-caffeine,which medication is used for back pain
"al hyd-mg tr-alg ac-sod bicarb, magaldrate, aluminum-magnesium hydroxide, calcium carbonate-mag hydroxid, aluminum hydrox-magnesium carb, calcium and magnesium carbonat, aluminum-magnesium-alginate, calcium carbonate, dihydroxyaluminum sod carb, alum-mag hydroxide-simeth",which medication is used for gastroesophageal reflux disease
cefadroxil,which medication is used for bacterial urinary tract infection
dextromethorphan-benzocaine,which medication is used for sore throat
desonide,which medication is used for atopic dermatitis
doxylamine-dm-acetaminophen,which medication is used for sore throat
metoclopramide hcl,which medication is used for gastroesophageal reflux disease
pramipexole,which medication is used for fibromyalgia
betaxolol,which medication is used for hypertension
sore throat,what is the uses of Acetaminophen-DM
hypertension,what is the uses of Nadolol
gastroesophageal reflux disease,"what is the uses of Al Hyd-Mg Tr-Alg Ac-Sod Bicarb, Aluminum Hydrox-Magnesium Carb, Aluminum-Magnesium-Alginate, Calcium Carbonate"
vertigo,what is the uses of Meclizine
quinapril,which medication is used for hypertension
hypertension,what is the uses of Trandolapril-Verapamil
cefazolin in dextrose (iso-os),which medication is used for bacterial urinary tract infection
Atopic Dermatitis,what is the uses of Hydrocortisone
chickenpox,what is the uses of Valacyclovir
"pseudoephedrine-ibuprofen, ibuprofen",which medication is used for gout
oral candidiasis,what is the uses of Fluconazole
prednicarbate,which medication is used for atopic dermatitis
acetaminophen-dm,which medication is used for sore throat
prevention of cerebrovascular accident,what is the uses of Aspirin
fever,what is the uses of Cpm-PPA-DM-Acetaminophen
hypercholesterolemia,what is the uses of Niacin
halobetasol propionate,which medication is used for atopic dermatitis
clonidine,which medication is used for hypertension
"aluminum-magnesium hydroxide, alum-mag hydroxide-simeth",which medication is used for flatulence
cyclobenzaprine,which medication is used for fibromyalgia
hypertension,what is the uses of Torsemide
flatulence,"what is the uses of Aluminum-Magnesium Hydroxide, Calcium Carbonate-Mag Hydroxid, Calcium And Magnesium Carbonat, Calcium Carbonate, Alum-Mag Hydroxide-Simeth"
fibromyalgia,what is the uses of Cyclobenzaprine
azilsartan med-chlorthalidone,which medication is used for hypertension
cortisone,which medication is used for atopic dermatitis
gastroesophageal reflux disease,"what is the uses of Aluminum-Magnesium Hydroxide, Calcium Carbonate-Mag Hydroxid, Calcium And Magnesium Carbonat, Calcium Carbonate, Alum-Mag Hydroxide-Simeth"
metoprolol tartrate,which medication is used for hypertension
gastroesophageal reflux disease,what is the uses of Esomeprazole Strontium
danazol,which medication is used for endometriosis
hypertension,what is the uses of Labetalol
ibuprofen,which medication is used for gout
meclizine,which medication is used for vertigo
"chlorphen-pe-dm-acetaminophen, cpm-pseudoeph-dm-acetaminophen",which medication is used for fever
amlodipine-atorvastatin,which medication is used for hypertension
biliary calculus,what is the uses of Ursodiol
triamcinolone acetonide,which medication is used for atopic dermatitis
maprotiline,which medication is used for depression
endometriosis,what is the uses of Goserelin
Bacterial Urinary Tract Infection,what is the uses of Ofloxacin
aspirin,which medication is used for fever
fever,"what is the uses of Chlorpheniramine-Acetaminophen, Chlorphen-PPA-Acetaminophen"
"desonide-emollient combo no 28, desonide",which medication is used for atopic dermatitis
gout,"what is the uses of Acetaminophen-Pamabrom, Ibuprofen"
hypertension,what is the uses of Captopril
norethin-eth estrad biphasic,which medication is used for endometriosis
metronidazole in nacl (iso-os),which medication is used for diverticulitis of gastrointestinal tract
amlodipine-valsartan-hcthiazid,which medication is used for hypertension
diverticulitis of gastrointestinal tract,what is the uses of Ampicillin-Sulbactam
erythromycin ethylsuccinate,which medication is used for gastroesophageal reflux disease
zanamivir,which medication is used for influenza
Atopic Dermatitis,what is the uses of Triamcinolone-Emollient Comb86
gastroesophageal reflux disease,"what is the uses of Calcium Carbonate-Mag Hydroxid, Dihydroxyaluminum Sod Carb"
fenofibric acid,which medication is used for hypercholesterolemia
nitrofurantoin monohyd/m-cryst,which medication is used for bacterial urinary tract infection
Atopic Dermatitis,what is the uses of Cetirizine
fever,what is the uses of Pseudoeph-DM-GG-Acetaminophen
diverticulitis of gastrointestinal tract,what is the uses of Clindamycin Phosphate
chlorothiazide,which medication is used for hypertension
gastroesophageal reflux disease,what is the uses of Cimetidine
vulvovaginal candidiasis,what is the uses of Miconazole Nitrate
torsemide,which medication is used for edema
pseudoeph-dm-gg-acetaminophen,which medication is used for fever
gastroesophageal reflux disease,what is the uses of Alum-Mag Hydroxide-Simeth
fever,what is the uses of Pseudoephed-DM-Acetaminophen
"ceftriaxone in dextrose,iso-os",which medication is used for bacterial urinary tract infection
retapamulin,which medication is used for impetigo
Bacterial Urinary Tract Infection,what is the uses of Doxycycline Hyclate
penicillin v potassium,which medication is used for pharyngitis due to streptococcus pyogenes
esomeprazole magnesium,which medication is used for gastroesophageal reflux disease
hemorrhoids,"what is the uses of Phenyleph-Shark Oil-Cocoa Butr, Skin Rsp Ftr-Srk Liv-Phenylmer, Phenyleph-Shark Liv Oil-Mo-Pet"
moexipril,which medication is used for hypertension
gastroesophageal reflux disease,what is the uses of Aluminum-Magnesium Hydroxide
hypercholesterolemia,what is the uses of Fenofibrate
losartan,which medication is used for hypertension
fluocinolone-emol cmb#65,which medication is used for atopic dermatitis
hypertension,what is the uses of Doxazosin
besifloxacin,which medication is used for bacterial conjunctivitis
gastroesophageal reflux disease,what is the uses of Omeprazole-Sodium Bicarbonate
desoximetasone,which medication is used for atopic dermatitis
clarithromycin,which medication is used for pharyngitis due to streptococcus pyogenes
ampicillin,which medication is used for bacterial urinary tract infection
fever,"what is the uses of Pseudoeph-DM-GG-Acetaminophen, Cpm-Pseudoeph-DM-Acetaminophen"
hemorrhoids,what is the uses of Lidocaine
Atopic Dermatitis,"what is the uses of Prednisolone, Prednisolone Sodium Phosphate"
pimecrolimus,which medication is used for atopic dermatitis
norgestimate-ethinyl estradiol,which medication is used for endometriosis
lisinopril,which medication is used for hypertension
hypertension,what is the uses of Benazepril
adenocarcinoma of pancreas,what is the uses of Oxaliplatin
methylprednisolone acetate,which medication is used for atopic dermatitis
gout,what is the uses of Etodolac
hypertension,what is the uses of Timolol Maleate
gastroesophageal reflux disease,"what is the uses of Al Hyd-Mg Tr-Alg Ac-Sod Bicarb, Aluminum Hydrox-Magnesium Carb, Aluminum-Magnesium-Alginate"
naproxen sodium,which medication is used for gout
depression,what is the uses of Clomipramine
fibromyalgia,what is the uses of Amitriptyline
Atopic Dermatitis,"what is the uses of Betamethasone, Augmented"
capsaicin in castor oil,which medication is used for back pain
methyldopa,which medication is used for hypertension
amoxicillin,which medication is used for pharyngitis due to streptococcus pyogenes
hypercholesterolemia,what is the uses of Atorvastatin
Pharyngitis due to Streptococcus Pyogenes,what is the uses of Cefadroxil
carvedilol,which medication is used for hypertension
isradipine,which medication is used for hypertension
levofloxacin in d5w,which medication is used for pyelonephritis
erythromycin ethylsuccinate,which medication is used for acute bacterial sinusitis
dimenhydrinate,which medication is used for vertigo
niacin,which medication is used for hypercholesterolemia
hemorrhoids,what is the uses of Hydrocortisone
Bacterial Conjunctivitis,what is the uses of Gatifloxacin
prevention of cerebrovascular accident,what is the uses of Pravastatin
cephalexin,which medication is used for pharyngitis due to streptococcus pyogenes
prednisolone sodium phosphate,which medication is used for atopic dermatitis
back pain,what is the uses of Menthol
cimetidine hcl,which medication is used for gastroesophageal reflux disease
hypertension,what is the uses of Hydralazine
nortriptyline,which medication is used for depression
Pharyngitis due to Streptococcus Pyogenes,what is the uses of Cefdinir
endometriosis,what is the uses of Norethin-Eth Estrad Biphasic
colestipol,which medication is used for hypercholesterolemia
neomycin-polymyxin-gramicidin,which medication is used for bacterial conjunctivitis
hypertension,what is the uses of Isradipine
Acute Bacterial Sinusitis,what is the uses of Azithromycin
neomycin-bacitracin-polymyxin,which medication is used for bacterial conjunctivitis
sulfadiazine,which medication is used for bacterial urinary tract infection
fever,"what is the uses of Choline,Magnesium Salicylate"
valacyclovir,which medication is used for chickenpox
Bacterial Urinary Tract Infection,what is the uses of Cefadroxil
gastroesophageal reflux disease,what is the uses of Omeprazole-Sodium Bicarbonate
diverticulitis of gastrointestinal tract,what is the uses of Piperacillin-Tazobactam
cefepime,which medication is used for bacterial urinary tract infection
back pain,what is the uses of Acetaminophen
hypertension,what is the uses of Carvedilol Phosphate
hemorrhoids,what is the uses of Phenylephrine Hcl
Pharyngitis due to Streptococcus Pyogenes,what is the uses of Cefixime
pravastatin,which medication is used for prevention of cerebrovascular accident
Acute Bacterial Sinusitis,what is the uses of Moxifloxacin
ethacrynic acid,which medication is used for hypertension
gout,what is the uses of Naproxen Sodium
hypercholesterolemia,what is the uses of Fenofibric Acid (Choline)
Atopic Dermatitis,what is the uses of Fluocinolone-Skin Clnsr28
hypertension,what is the uses of Propranolol-Hydrochlorothiazid
hypertension,what is the uses of Diltiazem Hcl
gastroesophageal reflux disease,"what is the uses of Aluminum-Magnesium Hydroxide, Alum-Mag Hydroxide-Simeth"
guanfacine,which medication is used for hypertension
depression,what is the uses of Imipramine Hcl
Bacterial Urinary Tract Infection,what is the uses of Ceftazidime
calcium carbonate-mag hydroxid,which medication is used for flatulence
flurandrenolide,which medication is used for atopic dermatitis
hydrocortisone acetate,which medication is used for hemorrhoids
chlorpheniramine-acetaminophen,which medication is used for fever
diverticulitis of gastrointestinal tract,what is the uses of Clindamycin In 5 % Dextrose
famotidine,which medication is used for gastroesophageal reflux disease
hypertension,what is the uses of Indapamide
acyclovir,which medication is used for genital herpes simplex
hydrocortisone-iodoquinol,which medication is used for atopic dermatitis
ampicillin,which medication is used for acute bacterial sinusitis
mupirocin,which medication is used for furunculosis
crotamiton,which medication is used for scabies
Atopic Dermatitis,what is the uses of Hydrocortisone-Iodoquinl-Aloe2
Pharyngitis due to Streptococcus Pyogenes,what is the uses of Penicillin V Potassium
gastroesophageal reflux disease,what is the uses of Esomeprazole Magnesium
quinapril-hydrochlorothiazide,which medication is used for hypertension
diflorasone-emollient,which medication is used for atopic dermatitis
doxylam-pe-dm-acetaminophen-gg,which medication is used for fever
fever,what is the uses of Pseudoephedrine-Ibuprofen
"capsaicin-menthol, capsaicin",which medication is used for back pain
dextromethorphan-benzocaine,which medication is used for sore throat
ampicillin,which medication is used for acute bacterial sinusitis
hypertension,what is the uses of Candesartan
hydrocortisone sod succ (pf),which medication is used for atopic dermatitis
etodolac,which medication is used for gout
vulvovaginal candidiasis,what is the uses of Miconazole-Skin Clnsr17
vertigo,what is the uses of Diphenhydramine Hcl
methyldopa-hydrochlorothiazide,which medication is used for hypertension
azithromycin,which medication is used for bacterial conjunctivitis
hypertension,what is the uses of Felodipine
cefpodoxime,which medication is used for pharyngitis due to streptococcus pyogenes
gastroesophageal reflux disease,what is the uses of Lansoprazole
hemorrhoids,what is the uses of Pramoxine-Zinc Acetate
Bacterial Urinary Tract Infection,what is the uses of Demeclocycline
meropenem,which medication is used for diverticulitis of gastrointestinal tract
Atopic Dermatitis,"what is the uses of Hydrocortisone, Pramoxine-Benzyl Alcohol"
vit e-glycerin-dimethicone,which medication is used for atopic dermatitis
herpes zoster,what is the uses of Acyclovir
Pharyngitis due to Streptococcus Pyogenes,what is the uses of Cefixime
Bacterial Conjunctivitis,what is the uses of Ofloxacin
hypercholesterolemia,what is the uses of Rosuvastatin
Pharyngitis due to Streptococcus Pyogenes,"what is the uses of Penicillin G Benzathin,Procain"
Atopic Dermatitis,what is the uses of Hydrocortisone Valerate
pseudoeph-dm-gg-acetaminophen,which medication is used for fever
depression,what is the uses of Phenelzine
lidocaine-hydrocortisone-aloe,which medication is used for hemorrhoids
pantoprazole,which medication is used for gastroesophageal reflux disease
terazosin,which medication is used for hypertension
hypercholesterolemia,what is the uses of Simvastatin
fibromyalgia,what is the uses of Amitriptyline
verapamil,which medication is used for hypertension
"pseudoephed-dm-acetaminophen, phenylpropanolamine-gg, chlorpheniramine-pseudoephed",which medication is used for fever
niacin,which medication is used for hypercholesterolemia
"acetaminophen-pamabrom, ibuprofen",which medication is used for fever
propranolol-hydrochlorothiazid,which medication is used for hypertension
sore throat,what is the uses of Dextromethorphan-Benzocaine
pseudoeph-dm-gg-acetaminophen,which medication is used for fever
fever,what is the uses of Naproxen-Pseudoephedrine
"aluminum-magnesium hydroxide, calcium carbonate, alum-mag hydroxide-simeth",which medication is used for flatulence
fever,what is the uses of Phenyltoloxamine-Acetaminophen
fluocinolone and shower cap,which medication is used for atopic dermatitis
aluminum hydroxide gel,which medication is used for gastroesophageal reflux disease
hypertension,what is the uses of Enalapril Maleate
hypertension,"what is the uses of Triamterene-Hydrochlorothiazid, Trichlormethiazide"
hypercholesterolemia,what is the uses of Niacin
hypertension,what is the uses of Telmisartan
metoclopramide hcl,which medication is used for gastroesophageal reflux disease
hypertension,what is the uses of Fosinopril
gastroesophageal reflux disease,what is the uses of Famotidine
sore throat,what is the uses of DM-Benzocaine-Menthol
aluminum hydrox-magnesium carb,which medication is used for gastroesophageal reflux disease
Atopic Dermatitis,what is the uses of Vit E-Glycerin-Dimethicone
vulvovaginal candidiasis,what is the uses of Tioconazole
trolamine salicylate,which medication is used for back pain
niacin,which medication is used for hypercholesterolemia
ceftriaxone,which medication is used for bacterial urinary tract infection
herpes zoster,what is the uses of Valacyclovir
flatulence,"what is the uses of Aluminum-Magnesium Hydroxide, Aluminum Hydrox-Magnesium Carb, Dihydroxyaluminum Sod Carb, Alum-Mag Hydroxide-Simeth"
acetazolamide,which medication is used for edema
metronidazole,which medication is used for diverticulitis of gastrointestinal tract
fibromyalgia,what is the uses of Tramadol-Acetaminophen
phenylephrine-dm-acetaminophen,which medication is used for fever
scabies,what is the uses of Lindane
Pharyngitis due to Streptococcus Pyogenes,what is the uses of Amoxicillin
Atopic Dermatitis,what is the uses of Dexamethasone Sodium Phos (PF)
clarithromycin,which medication is used for acute bacterial sinusitis
endometriosis,what is the uses of L Norgest/E.Estradiol-E.Estrad
hypertension,what is the uses of Metoprolol Succinate
Bacterial Urinary Tract Infection,what is the uses of Minocycline
Atopic Dermatitis,what is the uses of Cortisone
hypertension,what is the uses of Prazosin
vertigo,what is the uses of Diphenhydramine Hcl
hypertension,what is the uses of Losartan
cefuroxime axetil,which medication is used for impetigo
verapamil,which medication is used for hypertension
gastroesophageal reflux disease,what is the uses of Aluminum Hydrox-Magnesium Carb
hypertension,what is the uses of Bisoprolol Fumarate
hypertension,what is the uses of Triamterene-Hydrochlorothiazid
"aluminum-magnesium hydroxide, alum-mag hydroxide-simeth",which medication is used for gastroesophageal reflux disease
mupirocin,which medication is used for furunculosis
gentamicin,which medication is used for bacterial conjunctivitis
gastroesophageal reflux disease,what is the uses of Omeprazole
doxazosin,which medication is used for hypertension
gout,what is the uses of Ketoprofen
Bacterial Urinary Tract Infection,what is the uses of Doxycycline Calcium
armodafinil,which medication is used for sleepiness due to obstructive sleep apnea
hypertension,what is the uses of Olmesartan
depression,what is the uses of Nortriptyline
mitomycin,which medication is used for adenocarcinoma of pancreas
Bacterial Urinary Tract Infection,what is the uses of Cefepime
diverticulitis of gastrointestinal tract,what is the uses of Sulfamethoxazole-Trimethoprim
phenyltoloxamine-acetaminophen,which medication is used for fever
nicardipine,which medication is used for hypertension
famotidine,which medication is used for gastroesophageal reflux disease
fever,what is the uses of Indomethacin
pindolol,which medication is used for hypertension
prevention of cerebrovascular accident,what is the uses of Ramipril
endometriosis,what is the uses of Danazol
hypercholesterolemia,what is the uses of Niacin
cetirizine,which medication is used for atopic dermatitis
erythromycin,which medication is used for gastroesophageal reflux disease
paliperidone,which medication is used for infantile autism
indomethacin,which medication is used for gout
fosfomycin tromethamine,which medication is used for bacterial urinary tract infection
furunculosis,what is the uses of Mupirocin
clomipramine,which medication is used for depression
spironolactone,which medication is used for hypertension
hydrocortisone sod succinate,which medication is used for atopic dermatitis
endometriosis,what is the uses of Levonorg-Eth Estrad Triphasic
back pain,what is the uses of Capsaicin-Methyl Sal-Menthol
indomethacin,which medication is used for fever
furosemide,which medication is used for hypertension
diclofenac potassium,which medication is used for gout
hypercholesterolemia,what is the uses of Niacin
lansoprazole,which medication is used for gastroesophageal reflux disease
metoprolol succinate,which medication is used for hypertension
Bacterial Urinary Tract Infection,what is the uses of Levofloxacin
hypercholesterolemia,what is the uses of Colestipol
gentamicin,which medication is used for furunculosis
chlorothiazide,which medication is used for edema
miconazole nitrate,which medication is used for vulvovaginal candidiasis
amitriptyline,which medication is used for depression
Atopic Dermatitis,what is the uses of Flurandrenolide
fenofibrate,which medication is used for hypercholesterolemia
"aluminum-magnesium hydroxide, aluminum hydrox-magnesium carb, dihydroxyaluminum sod carb, alum-mag hydroxide-simeth",which medication is used for flatulence
"asa-acetaminophen-salicyl-caff, mg salicylat-acetaminophen-caf",which medication is used for fever
hydrochlorothiazide,which medication is used for hypertension
Acute Bacterial Sinusitis,what is the uses of Amoxicillin
Atopic Dermatitis,what is the uses of Fluocinolone
doxepin,which medication is used for depression
hypercholesterolemia,what is the uses of Fenofibrate Nanocrystallized
meclofenamate,which medication is used for gout
hydrocortisone acetate,which medication is used for atopic dermatitis
ramipril,which medication is used for hypertension
spironolactone,which medication is used for edema
phenylephrine-cocoa butter,which medication is used for hemorrhoids
Acute Bacterial Sinusitis,what is the uses of Clarithromycin
cefixime,which medication is used for bacterial urinary tract infection
prevention of cerebrovascular accident,what is the uses of Atorvastatin
magaldrate,which medication is used for gastroesophageal reflux disease
gastroesophageal reflux disease,what is the uses of Famotidine-Ca Carb-Mag Hydrox
hemorrhoids,"what is the uses of Phenylephrine-Zinc Oxide, Phenylephrn-Pramoxine-Mo-W.Pet"
diltiazem hcl,which medication is used for hypertension
hypertension,what is the uses of Amlodipine
fibromyalgia,what is the uses of Pregabalin
"menthol, camphor-methyl salicyl-menthol",which medication is used for back pain
pravastatin,which medication is used for hypercholesterolemia
pramoxine-calamine,which medication is used for hemorrhoids
fever,what is the uses of Phenyltoloxamine-Acetaminophen
prednisone,which medication is used for atopic dermatitis
Bacterial Urinary Tract Infection,what is the uses of Doxycycline Monohydrate
gastroesophageal reflux disease,what is the uses of Ranitidine Hcl
oseltamivir,which medication is used for influenza
gout,what is the uses of Diclofenac Potassium
endometriosis,what is the uses of Nafarelin
prevention of cerebrovascular accident,what is the uses of Evolocumab
modafinil,which medication is used for sleepiness due to obstructive sleep apnea
gout,what is the uses of Ibuprofen
cefditoren pivoxil,which medication is used for pharyngitis due to streptococcus pyogenes
triptorelin pamoate,which medication is used for endometriosis
pyelonephritis,what is the uses of Levofloxacin In D5W
Atopic Dermatitis,what is the uses of Prednicarbate
aspirin,which medication is used for fever
"doxylamin-pse-dm-acetaminophen, chlorphen-pe-dm-acetaminophen",which medication is used for fever
diphenhydramine hcl,which medication is used for vertigo
acetaminophen,which medication is used for fever
"cocoa butter-zinc oxide, zinc oxide",which medication is used for hemorrhoids
fluvoxamine,which medication is used for depression
"menthol, capsaicin",which medication is used for back pain
spironolacton-hydrochlorothiaz,which medication is used for hypertension
gout,what is the uses of Fenoprofen
asa-acetaminophen-salicyl-caff,which medication is used for fever
cefixime,which medication is used for pharyngitis due to streptococcus pyogenes
gout,what is the uses of Ibuprofen
hydrocortisone acetate,which medication is used for hemorrhoids
benazepril,which medication is used for hypertension
hypertension,what is the uses of Chlorothiazide
endometriosis,what is the uses of Norethindrone-Ethin Estradiol
moxifloxacin-sod.chloride(iso),which medication is used for acute bacterial sinusitis
nafarelin,which medication is used for endometriosis
hypercholesterolemia,what is the uses of Pitavastatin Calcium
Infantile Autism,what is the uses of Paliperidone
fever,what is the uses of Cpm-Pseudoeph-DM-Acetaminophen
hypertension,what is the uses of Guanfacine
gout,what is the uses of Diclofenac-Misoprostol
Bacterial Urinary Tract Infection,"what is the uses of Cefepime In Dextrose,Iso-Osm"
furunculosis,what is the uses of Mupirocin
fever,"what is the uses of Aspirin-Acetaminophen-Caffeine, Aspirin, Phenyltoloxamine-Acetaminophen"
edema,what is the uses of Triamterene
scabies,what is the uses of Crotamiton
gastroesophageal reflux disease,what is the uses of Lansoprazole
"ciprofloxacin hcl, ciprofloxacin",which medication is used for bacterial urinary tract infection
paclitaxel-protein bound,which medication is used for adenocarcinoma of pancreas
hypertension,what is the uses of Quinapril
depression,what is the uses of Imipramine Pamoate
vulvovaginal candidiasis,what is the uses of Clotrimazole
Bacterial Urinary Tract Infection,what is the uses of Cefuroxime Axetil
impetigo,what is the uses of Cefuroxime Axetil
hydralazine,which medication is used for hypertension
hypertension,what is the uses of Nifedipine
gastroesophageal reflux disease,what is the uses of Sucralfate
Bacterial Urinary Tract Infection,what is the uses of Ciprofloxacin Hcl
edema,what is the uses of Spironolacton-Hydrochlorothiaz
ibuprofen-famotidine,which medication is used for gout
"dextromethorphan-guaifenesin, guaifenesin, cpm-pseudoeph-dm-acetaminophen",which medication is used for fever
indapamide,which medication is used for hypertension
endometriosis,"what is the uses of Norethin-E.Estradiol Triphasic, Norethindrone-Ethin Estradiol"
gastroesophageal reflux disease,what is the uses of Famotidine
adenocarcinoma of pancreas,what is the uses of Cisplatin
aluminum-magnesium hydroxide,which medication is used for gastroesophageal reflux disease
Bacterial Conjunctivitis,what is the uses of Ciprofloxacin Hcl
Bacterial Urinary Tract Infection,what is the uses of Levofloxacin In D5W
levofloxacin,which medication is used for pyelonephritis
diphenhydramine hcl,which medication is used for vertigo
fever,what is the uses of ASA-Acetaminophen-Salicyl-Caff
nitrofurantoin macrocrystal,which medication is used for bacterial urinary tract infection
fever,"what is the uses of Chlorphenir-Phenylephrn-Aspirn, Diphenhydramine-Acetaminophen, Cpm-Phenyleph-Acetaminophen, Cpm-Pseudoeph-DM-Acetaminophen"
capsaicin-methyl sal-menthol,which medication is used for back pain
omeprazole-sodium bicarbonate,which medication is used for gastroesophageal reflux disease
Pharyngitis due to Streptococcus Pyogenes,what is the uses of Clarithromycin
hydrocortisone,which medication is used for atopic dermatitis
lovastatin,which medication is used for hypercholesterolemia
Pharyngitis due to Streptococcus Pyogenes,what is the uses of Azithromycin
Bacterial Urinary Tract Infection,what is the uses of Ampicillin Sodium
hypertension,what is the uses of Ramipril
triamcinolone-emollient comb86,which medication is used for atopic dermatitis
gout,what is the uses of Diclofenac Sodium
hypertension,what is the uses of Metoprolol Tartrate
hydrocortisone valerate,which medication is used for atopic dermatitis
tioconazole,which medication is used for vulvovaginal candidiasis
"chlorpheniramine-acetaminophen, chlorphen-ppa-acetaminophen",which medication is used for fever
metoprolol su-hydrochlorothiaz,which medication is used for hypertension
amlodipine-valsartan,which medication is used for hypertension
naproxen-pseudoephedrine,which medication is used for fever
hypertension,what is the uses of Verapamil
hypertension,what is the uses of Irbesartan-Hydrochlorothiazide
prevention of cerebrovascular accident,what is the uses of Lovastatin
hypercholesterolemia,what is the uses of Ezetimibe
enalapril-hydrochlorothiazide,which medication is used for hypertension
celecoxib,which medication is used for gout
doxylamine-dm-acetaminophen,which medication is used for fever
furunculosis,"what is the uses of Mupirocin Calcium, Mupirocin"
hypertension,what is the uses of Valsartan-Hydrochlorothiazide
prednisolone,which medication is used for atopic dermatitis
gastroesophageal reflux disease,what is the uses of Magnesium Hydroxide
rosuvastatin,which medication is used for hypercholesterolemia
hypertension,what is the uses of Chlorthalidone
doxycycline hyclate,which medication is used for bacterial urinary tract infection
penicillin g benzathine,which medication is used for pharyngitis due to streptococcus pyogenes
"ciprofloxacin hcl, ciprofloxacin",which medication is used for diverticulitis of gastrointestinal tract
"prednisolone, prednisolone sodium phosphate",which medication is used for atopic dermatitis
gastroesophageal reflux disease,what is the uses of Metoclopramide Hcl
magnesium oxide,which medication is used for gastroesophageal reflux disease
gout,what is the uses of Ibuprofen
norethindrone ac-eth estradiol,which medication is used for endometriosis
dimenhydrinate,which medication is used for vertigo
naproxen sodium,which medication is used for gout
phenyltoloxamine-acetaminophen,which medication is used for fever
betamethasone valerate,which medication is used for atopic dermatitis
depression,what is the uses of Nortriptyline
doxepin,which medication is used for atopic dermatitis
lidocaine,which medication is used for hemorrhoids
streptomycin,which medication is used for bacterial urinary tract infection
back pain,"what is the uses of Capsaicin-Menthol, Capsaicin"
cefaclor,which medication is used for bacterial urinary tract infection
spironolacton-hydrochlorothiaz,which medication is used for edema
phenylephrine hcl,which medication is used for hemorrhoids
pramipexole,which medication is used for fibromyalgia
Pharyngitis due to Streptococcus Pyogenes,what is the uses of Cephalexin
simethicone,which medication is used for flatulence
gastroesophageal reflux disease,what is the uses of Erythromycin
nisoldipine,which medication is used for hypertension
fever,what is the uses of Pseudoeph-DM-GG-Acetaminophen
Atopic Dermatitis,what is the uses of Fluocinonide
nizatidine,which medication is used for gastroesophageal reflux disease
gout,what is the uses of Naproxen
amitriptyline,which medication is used for depression
naproxen sodium,which medication is used for fever
"alum-mag hydroxide-simeth, calcium carbonate-simethicone",which medication is used for flatulence
endometriosis,what is the uses of Norethindrone Ac-Eth Estradiol
"salicylic acid, hydrocortisone",which medication is used for atopic dermatitis
hemorrhoids,what is the uses of Hydrocortisone
clonidine hcl,which medication is used for hypertension
"bismuth subg-balsam-znox-resor, starch, pramoxine-mineral oil-zinc",which medication is used for hemorrhoids
depression,what is the uses of Protriptyline
alclometasone,which medication is used for atopic dermatitis
"al hyd-mg tr-alg ac-sod bicarb, magaldrate, aluminum-magnesium hydroxide, calcium carbonate-mag hydroxid, aluminum hydrox-magnesium carb, calcium and magnesium carbonat, aluminum-magnesium-alginate, calcium carbonate, dihydroxyaluminum sod carb, alum-mag hydroxide-simeth",which medication is used for flatulence
sore throat,what is the uses of Benzocaine
chickenpox,what is the uses of Acyclovir
fever,what is the uses of ASA-Acetaminophen-Salicyl-Caff
hypertension,what is the uses of Methyldopa-Hydrochlorothiazide
ketoprofen,which medication is used for gout
"cefepime in dextrose,iso-osm",which medication is used for bacterial urinary tract infection
pravastatin,which medication is used for prevention of cerebrovascular accident
clindamycin phosphate,which medication is used for diverticulitis of gastrointestinal tract
"penicillin g benzathin,procain",which medication is used for pharyngitis due to streptococcus pyogenes
Atopic Dermatitis,what is the uses of Prednisone
menthol,which medication is used for back pain
amlodipine-benazepril,which medication is used for hypertension
amikacin,which medication is used for diverticulitis of gastrointestinal tract
gout,what is the uses of Indomethacin
chlorpheniram-dm-acetaminophen,which medication is used for fever
alum-mag hydroxide-simeth,which medication is used for gastroesophageal reflux disease
bacitracin,which medication is used for bacterial conjunctivitis
fever,"what is the uses of Pseudoephed-DM-Acetaminophen, Cpm-Pseudoeph-DM-Acetaminophen"
meniere's disease,what is the uses of Dimenhydrinate
diphenhydramine hcl,which medication is used for vertigo
dexamethasone sodium phosphate,which medication is used for atopic dermatitis
gastroesophageal reflux disease,"what is the uses of Aluminum-Magnesium Hydroxide, Aluminum Hydrox-Magnesium Carb, Dihydroxyaluminum Sod Carb, Alum-Mag Hydroxide-Simeth"
doxorubicin,which medication is used for adenocarcinoma of pancreas
"pseudoeph-dm-gg-acetaminophen, cpm-pseudoeph-dm-acetaminophen",which medication is used for fever
prazosin,which medication is used for hypertension
gastroesophageal reflux disease,what is the uses of Erythromycin Ethylsuccinate
clonidine hcl,which medication is used for hypertension
Bacterial Urinary Tract Infection,what is the uses of Sulfadiazine
fluvastatin,which medication is used for prevention of cerebrovascular accident
depression,what is the uses of Nortriptyline
furunculosis,what is the uses of Gentamicin
Bacterial Conjunctivitis,what is the uses of Gentamicin
edema,what is the uses of Indapamide
trandolapril-verapamil,which medication is used for hypertension
"al hyd-mg tr-alg ac-sod bicarb, aluminum hydrox-magnesium carb, aluminum-magnesium-alginate",which medication is used for gastroesophageal reflux disease
fever,what is the uses of Doxylamin-PSE-DM-Acetaminophen
colorectal cancer,what is the uses of Fluorouracil
gout,what is the uses of Naproxen Sodium
ciprofloxacin hcl,which medication is used for bacterial conjunctivitis
aspirin,which medication is used for prevention of cerebrovascular accident
flatulence,"what is the uses of Calcium Carbonate-Mag Hydroxid, Alum-Mag Hydroxide-Simeth"
hypertension,what is the uses of Amlodipine-Olmesartan
desipramine,which medication is used for depression
"triamterene-hydrochlorothiazid, trichlormethiazide",which medication is used for edema
hemorrhoids,"what is the uses of Hydrocortisone Acetate, Bismuth Subg-Balsam-Znox-Resor"
Atopic Dermatitis,what is the uses of Triamcinolone Acetonide
atenolol-chlorthalidone,which medication is used for hypertension
nitrofurantoin,which medication is used for bacterial urinary tract infection
pseudoephed-dm-acetaminophen,which medication is used for fever
hemorrhoids,"what is the uses of Bismuth Subg-Balsam-Znox-Resor, Starch, Pramoxine-Mineral Oil-Zinc"
cefuroxime axetil,which medication is used for bacterial urinary tract infection
diverticulitis of gastrointestinal tract,what is the uses of Metronidazole In Nacl (Iso-Os)
magnesium hydroxide,which medication is used for gastroesophageal reflux disease
capsaicin-camphor-menthol,which medication is used for back pain
"activated charcoal-simethicone, simethicone",which medication is used for flatulence
hypertension,what is the uses of Benazepril
sulfamethoxazole-trimethoprim,which medication is used for bacterial urinary tract infection
Atopic Dermatitis,what is the uses of Hydrocortisone-Oatmeal-Aloe-E
hypertension,what is the uses of Telmisartan-Hydrochlorothiazid
Pharyngitis due to Streptococcus Pyogenes,what is the uses of Erythromycin
flatulence,what is the uses of Simethicone
dimenhydrinate,which medication is used for meniere's disease
Atopic Dermatitis,what is the uses of Hydrocortisone Butyrate
famotidine-ca carb-mag hydrox,which medication is used for gastroesophageal reflux disease
phenyltoloxamine-acetaminophen,which medication is used for fever
Atopic Dermatitis,what is the uses of Alclometasone
fever,what is the uses of Naproxen Sodium
norethindrone acetate,which medication is used for endometriosis
gout,what is the uses of Mefenamic Acid
pantoprazole,which medication is used for gastroesophageal reflux disease
gastroesophageal reflux disease,what is the uses of Erythromycin Stearate
hemorrhoids,what is the uses of Hydrocortisone
Bacterial Urinary Tract Infection,what is the uses of Cefaclor
Bacterial Urinary Tract Infection,what is the uses of Ciprofloxacin In 5 % Dextrose
endometriosis,what is the uses of Noreth-Ethinyl Estradiol-Iron
hydrocortisone,which medication is used for atopic dermatitis
vulvovaginal candidiasis,what is the uses of Terconazole
hypertension,what is the uses of Atenolol-Chlorthalidone
back pain,"what is the uses of ASA-Acetaminophen-Salicyl-Caff, Mg Salicylat-Acetaminophen-Caf"
Atopic Dermatitis,what is the uses of Desonide
aspirin-acetaminophen-caffeine,which medication is used for fever
amoxicillin-pot clavulanate,which medication is used for bacterial urinary tract infection
Acute Bacterial Sinusitis,what is the uses of Levofloxacin
imipramine hcl,which medication is used for depression
fluocinonide-emollient,which medication is used for atopic dermatitis
captopril-hydrochlorothiazide,which medication is used for hypertension
telmisartan,which medication is used for hypertension
valsartan-hydrochlorothiazide,which medication is used for hypertension
Bacterial Urinary Tract Infection,what is the uses of Trimethoprim
duloxetine,which medication is used for fibromyalgia
Atopic Dermatitis,what is the uses of Dexamethasone
fluvastatin,which medication is used for prevention of cerebrovascular accident
gout,what is the uses of Celecoxib
rabeprazole,which medication is used for gastroesophageal reflux disease
erythromycin ethylsuccinate,which medication is used for pharyngitis due to streptococcus pyogenes
fever,"what is the uses of Pseudoeph-DM-GG-Acetaminophen, Chlorphen-PE-DM-Acetaminophen"
atenolol,which medication is used for hypertension
ampicillin sodium,which medication is used for bacterial urinary tract infection
flatulence,"what is the uses of Alum-Mag Hydroxide-Simeth, Calcium Carbonate-Simethicone"
ranitidine hcl,which medication is used for gastroesophageal reflux disease
hypertension,what is the uses of Valsartan
Acute Bacterial Sinusitis,what is the uses of Ampicillin
mometasone,which medication is used for atopic dermatitis
levofloxacin,which medication is used for acute bacterial sinusitis
valacyclovir,which medication is used for herpes zoster
Influenza,what is the uses of Zanamivir
fibromyalgia,what is the uses of Pramipexole
hypercholesterolemia,what is the uses of Niacin
vertigo,what is the uses of Diphenhydramine Citrate
"aluminum-magnesium hydroxide, calcium carbonate-mag hydroxid, calcium and magnesium carbonat, calcium carbonate, alum-mag hydroxide-simeth",which medication is used for flatulence
back pain,"what is the uses of Cpm-PPA-DM-Acetaminophen, Acetaminophen"
chlorthalidone,which medication is used for edema
depression,what is the uses of Amitriptyline
atorvastatin,which medication is used for hypercholesterolemia
fever,what is the uses of Naproxen
hypertension,what is the uses of Quinapril-Hydrochlorothiazide
diverticulitis of gastrointestinal tract,what is the uses of Meropenem
Bacterial Urinary Tract Infection,what is the uses of Acetohydroxamic Acid
naproxen sodium,which medication is used for gout
ampicillin sodium,which medication is used for bacterial urinary tract infection
gastroesophageal reflux disease,what is the uses of Metoclopramide Hcl
back pain,what is the uses of Capsaicin
erythromycin,which medication is used for acute bacterial sinusitis
omeprazole-sodium bicarbonate,which medication is used for gastroesophageal reflux disease
Influenza,what is the uses of Oseltamivir
hydrocortisone,which medication is used for hemorrhoids
nifedipine,which medication is used for hypertension
nicardipine,which medication is used for hypertension
hypertension,what is the uses of Amlodipine-Benazepril
Atopic Dermatitis,what is the uses of Hydrocortisone Sod Succ (PF)
fever,"what is the uses of Aspirin, Buffered"
amitriptyline,which medication is used for fibromyalgia
fibromyalgia,what is the uses of Paroxetine Hcl
"vit e-glycerin-dimethicone, glycerin-dimethicone-petro, wh",which medication is used for atopic dermatitis
Atopic Dermatitis,what is the uses of Betamethasone Dipropionate
Bacterial Urinary Tract Infection,what is the uses of Fosfomycin Tromethamine
acyclovir-hydrocortisone,which medication is used for genital herpes simplex
hypercholesterolemia,what is the uses of Alirocumab
Bacterial Conjunctivitis,what is the uses of Neomycin-Polymyxin-Gramicidin
fibromyalgia,what is the uses of Duloxetine
miconazole-skin clnsr17,which medication is used for vulvovaginal candidiasis
edema,what is the uses of Spironolactone
pramoxine-zinc oxide,which medication is used for hemorrhoids
gemcitabine,which medication is used for adenocarcinoma of pancreas
"aluminum-magnesium-alginate, alum-mag hydroxide-simeth",which medication is used for flatulence
flatulence,"what is the uses of Aluminum-Magnesium Hydroxide, Calcium Carbonate, Alum-Mag Hydroxide-Simeth"
prevention of cerebrovascular accident,what is the uses of Telmisartan
"calcium carbonate-mag hydroxid, dihydroxyaluminum sod carb",which medication is used for gastroesophageal reflux disease
fever,what is the uses of Ibuprofen
lovastatin,which medication is used for hypercholesterolemia
Atopic Dermatitis,what is the uses of Pimecrolimus
gastroesophageal reflux disease,"what is the uses of Aluminum-Magnesium-Alginate, Alum-Mag Hydroxide-Simeth"
diclofenac-misoprostol,which medication is used for gout
gastroesophageal reflux disease,what is the uses of Aluminum Hydroxide Gel
Bacterial Conjunctivitis,what is the uses of Neomycin-Bacitracin-Polymyxin
Atopic Dermatitis,what is the uses of Vit E-Grape-Hyaluronate Sodium
magnesium hydroxide,which medication is used for gastroesophageal reflux disease
fibromyalgia,what is the uses of Pramipexole
ciprofloxacin,which medication is used for bacterial urinary tract infection
vulvovaginal candidiasis,what is the uses of Butoconazole Nitrate
bacitracin-polymyxin b,which medication is used for bacterial conjunctivitis
"phenyleph-shark oil-cocoa butr, skin rsp ftr-srk liv-phenylmer, phenyleph-shark liv oil-mo-pet",which medication is used for hemorrhoids
meclizine,which medication is used for vertigo
oral candidiasis,what is the uses of Nystatin
Bacterial Urinary Tract Infection,what is the uses of Amoxicillin-Pot Clavulanate
Bacterial Urinary Tract Infection,what is the uses of Nitrofurantoin
back pain,"what is the uses of Trolamine Salicylate, Ala-Bos-Gin-Bas-Rose-Tur-Wil"
omeprazole-sodium bicarbonate,which medication is used for gastroesophageal reflux disease
hypertension,what is the uses of Fosinopril-Hydrochlorothiazide
hypercholesterolemia,what is the uses of Ezetimibe-Simvastatin
cholestyramine-aspartame,which medication is used for hypercholesterolemia
telmisartan,which medication is used for prevention of cerebrovascular accident
amcinonide,which medication is used for atopic dermatitis
hypertension,what is the uses of Nisoldipine
triamterene,which medication is used for edema
norethindrone-ethin estradiol,which medication is used for endometriosis
permethrin,which medication is used for scabies
famotidine,which medication is used for gastroesophageal reflux disease
candesartan-hydrochlorothiazid,which medication is used for hypertension
acetaminophen-dm,which medication is used for fever
vertigo,"what is the uses of Diphenhydramine Hcl, Dextromethorphan-Guaifenesin, Dextromethorphan Hbr"
norethin-e.estradiol triphasic,which medication is used for endometriosis
esomeprazole magnesium,which medication is used for gastroesophageal reflux disease
prevention of cerebrovascular accident,what is the uses of Simvastatin
Atopic Dermatitis,"what is the uses of Betamethasone Acet,Sod Phos"
hypertension,what is the uses of Losartan-Hydrochlorothiazide
fever,what is the uses of Ibuprofen
"aluminum-magnesium hydroxide, aluminum hydrox-magnesium carb, dihydroxyaluminum sod carb, alum-mag hydroxide-simeth",which medication is used for gastroesophageal reflux disease
depression,what is the uses of Amoxapine
phenyleph-pramoxin-glycr-w.pet,which medication is used for hemorrhoids
vertigo,"what is the uses of Diphenhydramine Hcl, Diphenhydramine Citrate"
capecitabine,which medication is used for adenocarcinoma of pancreas
eplerenone,which medication is used for hypertension
fosfomycin tromethamine,which medication is used for bacterial urinary tract infection
prevention of cerebrovascular accident,what is the uses of Pravastatin
fenofibric acid (choline),which medication is used for hypercholesterolemia
hypertension,what is the uses of Betaxolol
aspirin-calcium carbonate,which medication is used for fever
gastroesophageal reflux disease,what is the uses of Esomeprazole Magnesium
"diphenhydramine hcl, clemastine-phenylprop, triprolidine-pseudoephedrine",which medication is used for vertigo
vertigo,"what is the uses of Diphenhydramine Hcl, Clemastine-Phenylprop, Triprolidine-Pseudoephedrine"
Bacterial Urinary Tract Infection,what is the uses of Ciprofloxacin Hcl
cefazolin,which medication is used for bacterial urinary tract infection
scabies,what is the uses of Permethrin
Bacterial Urinary Tract Infection,what is the uses of Fosfomycin Tromethamine
hydrocortisone,which medication is used for hemorrhoids
vulvovaginal candidiasis,what is the uses of Miconazole Nitrate
erythromycin stearate,which medication is used for pharyngitis due to streptococcus pyogenes
Bacterial Conjunctivitis,what is the uses of Sulfacetamide Sodium
oxaliplatin,which medication is used for adenocarcinoma of pancreas
gout,what is the uses of Naproxen Sodium
"betamethasone acet,sod phos",which medication is used for atopic dermatitis
Bacterial Urinary Tract Infection,what is the uses of Ampicillin
naproxen sodium,which medication is used for fever
hypertension,what is the uses of Spironolactone
Pharyngitis due to Streptococcus Pyogenes,what is the uses of Cefditoren Pivoxil
gastroesophageal reflux disease,"what is the uses of Aluminum-Magnesium Hydroxide, Calcium Carbonate, Alum-Mag Hydroxide-Simeth"
Bacterial Conjunctivitis,what is the uses of Bacitracin
edema,what is the uses of Chlorthalidone
triamcinolone acetonide,which medication is used for atopic dermatitis
fever,what is the uses of Aspirin
amoxicillin-pot clavulanate,which medication is used for acute bacterial sinusitis
hypercholesterolemia,what is the uses of Lovastatin
hydrocortisone,which medication is used for atopic dermatitis
fluconazole,which medication is used for oral candidiasis
endometriosis,what is the uses of Medroxyprogesterone
impetigo,what is the uses of Retapamulin
impetigo,what is the uses of Mupirocin
desonide-emollient combo no 28,which medication is used for atopic dermatitis
fever,what is the uses of Ibuprofen
fibromyalgia,what is the uses of Mirtazapine
amoxicillin-pot clavulanate,which medication is used for acute bacterial sinusitis
sore throat,what is the uses of Dextromethorphan-Benzocaine
Atopic Dermatitis,what is the uses of Hydrocortisone
fever,what is the uses of Aspirin-Calcium Carbonate
dimenhydrinate,which medication is used for meniere's disease
prevention of cerebrovascular accident,what is the uses of Fluvastatin
nortriptyline,which medication is used for depression
Bacterial Urinary Tract Infection,what is the uses of Cefazolin In Dextrose (Iso-Os)
edema,"what is the uses of Triamterene-Hydrochlorothiazid, Trichlormethiazide"
lovastatin,which medication is used for prevention of cerebrovascular accident
Acute Bacterial Sinusitis,what is the uses of Moxifloxacin-Sod.Chloride(Iso)
naproxen,which medication is used for gout
indapamide,which medication is used for edema
fever,what is the uses of Acetaminophen-Caffeine
benazepril,which medication is used for hypertension
"aluminum-magnesium hydroxide, calcium carbonate, alum-mag hydroxide-simeth",which medication is used for gastroesophageal reflux disease
fluocinolone-skin clnsr28,which medication is used for atopic dermatitis
gout,what is the uses of Diclofenac Potassium
meniere's disease,what is the uses of Dimenhydrinate
hemorrhoids,what is the uses of Phenyleph-Min Oil-Petrolatum
"cpm-ppa-dm-acetaminophen, acetaminophen",which medication is used for fever
ibuprofen,which medication is used for gout
ethacrynic acid,which medication is used for edema
gastroesophageal reflux disease,what is the uses of Rabeprazole
Bacterial Urinary Tract Infection,what is the uses of Cefuroxime Sodium
fever,what is the uses of Phenyltoloxamine-Acetaminophen
back pain,what is the uses of Trolamine Salicylate
acyclovir sodium,which medication is used for herpes zoster
fibromyalgia,what is the uses of Milnacipran
hypercholesterolemia,what is the uses of Amlodipine-Atorvastatin
risperidone,which medication is used for infantile autism
genital herpes simplex,what is the uses of Valacyclovir
hemorrhoids,what is the uses of Lidocaine-Hydrocortisone-Aloe
noreth-ethinyl estradiol-iron,which medication is used for endometriosis
bumetanide,which medication is used for hypertension
al hyd-mg tr-alg ac-sod bicarb,which medication is used for gastroesophageal reflux disease
diclofenac potassium,which medication is used for gout
hypertension,what is the uses of Telmisartan-Amlodipine
sore throat,what is the uses of Doxylamine-DM-Acetaminophen
hydrocortisone butyr-emollient,which medication is used for atopic dermatitis
fever,"what is the uses of Chlorphen-PE-DM-Acetaminophen, Cpm-Pseudoeph-DM-Acetaminophen"
fever,what is the uses of Acetaminophen
vertigo,what is the uses of Meclizine
hypertension,what is the uses of Nebivolol
telmisartan-hydrochlorothiazid,which medication is used for hypertension
Acute Bacterial Sinusitis,what is the uses of Amoxicillin-Pot Clavulanate
ampicillin sodium,which medication is used for acute bacterial sinusitis
vertigo,what is the uses of Dimenhydrinate
cpm-ppa-dm-acetaminophen,which medication is used for fever
fever,what is the uses of Chlorpheniram-DM-Acetaminophen
Atopic Dermatitis,what is the uses of Cetirizine
Bacterial Conjunctivitis,what is the uses of Gentamicin-Prednisolone
oxaprozin,which medication is used for gout
Atopic Dermatitis,what is the uses of Hydrocortisone Acetate
phenylephrine-witch hazel,which medication is used for hemorrhoids
hypertension,what is the uses of Carvedilol
hypertension,what is the uses of Verapamil
levofloxacin in d5w,which medication is used for bacterial urinary tract infection
minoxidil,which medication is used for hypertension
captopril,which medication is used for hypertension
"menthol-camphor-antarth cb#1, methyl salicylate-menthol, camphor-menthol, camphor-methyl salicyl-menthol",which medication is used for back pain
hypercholesterolemia,what is the uses of Fluvastatin
"pramoxine-calamine-camphor, pramoxine-calamine",which medication is used for hemorrhoids
fever,"what is the uses of Dextromethorphan-Guaifenesin, Guaifenesin, Cpm-Pseudoeph-DM-Acetaminophen"
hypertension,what is the uses of Lisinopril
Atopic Dermatitis,what is the uses of Prednisolone
hypertension,what is the uses of Amiloride-Hydrochlorothiazide
hypertension,what is the uses of Doxazosin
ampicillin,which medication is used for bacterial urinary tract infection
hypertension,what is the uses of Hydralazine
hypertension,what is the uses of Amlodipine-Atorvastatin
pitavastatin calcium,which medication is used for hypercholesterolemia
diverticulitis of gastrointestinal tract,what is the uses of Ciprofloxacin
norgestrel-ethinyl estradiol,which medication is used for endometriosis
piperacillin-tazobactam,which medication is used for diverticulitis of gastrointestinal tract
Bacterial Urinary Tract Infection,what is the uses of Levofloxacin In D5W
Bacterial Urinary Tract Infection,what is the uses of Cefixime
Atopic Dermatitis,what is the uses of Clobetasol-Emollient
adenocarcinoma of pancreas,what is the uses of Paclitaxel-Protein Bound
Atopic Dermatitis,what is the uses of Hydrocortisone-Iodoquinol
genital herpes simplex,what is the uses of Acyclovir
irbesartan-hydrochlorothiazide,which medication is used for hypertension
ciprofloxacin hcl,which medication is used for bacterial urinary tract infection
meloxicam,which medication is used for gout
herpes zoster,what is the uses of Famciclovir
hydrocortisone acetate,which medication is used for hemorrhoids
hypertension,what is the uses of Methyldopa
omeprazole,which medication is used for gastroesophageal reflux disease
niacin,which medication is used for hypercholesterolemia
endometriosis,what is the uses of Norgestrel-Ethinyl Estradiol
methylprednisolone,which medication is used for atopic dermatitis
Atopic Dermatitis,what is the uses of Hydrocortisone Acetate
rosuvastatin,which medication is used for prevention of cerebrovascular accident
betamethasone dipropionate,which medication is used for atopic dermatitis
trimethoprim,which medication is used for bacterial urinary tract infection
pramoxine-zinc acetate,which medication is used for hemorrhoids
sulfacetamide-prednisolone,which medication is used for bacterial conjunctivitis
flatulence,"what is the uses of Calcium Carb-Mag Hydrox-Simeth, Alum-Mag Hydroxide-Simeth"
cefuroxime axetil,which medication is used for pharyngitis due to streptococcus pyogenes
fluvastatin,which medication is used for hypercholesterolemia
bisoprolol fumarate,which medication is used for hypertension
depression,what is the uses of Doxepin
Bacterial Urinary Tract Infection,what is the uses of Cefaclor
"fenofibrate micronized, fenofibrate nanocrystallized",which medication is used for hypercholesterolemia
diflunisal,which medication is used for gout
hypertension,what is the uses of Candesartan-Hydrochlorothiazid
fever,what is the uses of Chlorpheniram-DM-Acetaminophen
fever,what is the uses of Doxylamine-DM-Acetaminophen
doxylamine-pe-dm-acetaminophen,which medication is used for fever
hemorrhoids,"what is the uses of Starch, Pramoxine-Mineral Oil-Zinc"
phenyleph-min oil-petrolatum,which medication is used for hemorrhoids
hypertension,what is the uses of Azilsartan Medoxomil
phenelzine,which medication is used for depression
fever,what is the uses of Aspirin
ursodiol,which medication is used for biliary calculus
fever,what is the uses of Pseudoeph-DM-GG-Acetaminophen
impetigo,"what is the uses of Mupirocin Calcium, Mupirocin"
lindane,which medication is used for scabies
ciprofloxacin,which medication is used for diverticulitis of gastrointestinal tract
torsemide,which medication is used for hypertension
gentamicin-prednisolone,which medication is used for bacterial conjunctivitis
hypertension,what is the uses of Metoprolol Su-Hydrochlorothiaz
fluorouracil,which medication is used for adenocarcinoma of pancreas
fever,what is the uses of Phenylephrine-DM-Acetaminophen
niacin,which medication is used for hypercholesterolemia
aspirin,which medication is used for prevention of cerebrovascular accident
Pharyngitis due to Streptococcus Pyogenes,what is the uses of Cefaclor
Bacterial Urinary Tract Infection,"what is the uses of Ciprofloxacin Hcl, Ciprofloxacin"
"phenyleph-shark oil-glyc-pet, phenyleph-min oil-petrolatum, cocoa butter-shark liver oil",which medication is used for hemorrhoids
Atopic Dermatitis,what is the uses of Hydrocortisone Butyr-Emollient
pseudoephed-dm-acetaminophen,which medication is used for fever
ibuprofen,which medication is used for fever
medroxyprogesterone,which medication is used for endometriosis
hypertension,what is the uses of Minoxidil
flatulence,what is the uses of Alum-Mag Hydroxide-Simeth
diflorasone,which medication is used for atopic dermatitis
hydrocortisone,which medication is used for hemorrhoids
fever,what is the uses of Aspirin
hypertension,what is the uses of Clonidine Hcl
hemorrhoids,what is the uses of Phenylephrine-Cocoa Butter
"doxycycline calcium, doxycycline hyclate, doxycycline monohydrate",which medication is used for bacterial urinary tract infection
"aluminum-magnesium hydroxide, calcium carbonate-mag hydroxid, calcium and magnesium carbonat, calcium carbonate, alum-mag hydroxide-simeth",which medication is used for gastroesophageal reflux disease
acyclovir sodium,which medication is used for genital herpes simplex
levofloxacin,which medication is used for bacterial conjunctivitis
endometriosis,what is the uses of Medroxyprogesterone
mirtazapine,which medication is used for fibromyalgia
back pain,what is the uses of Capsaicin-Camphor-Menthol
hypertension,what is the uses of Nicardipine
back pain,"what is the uses of Menthol, Capsaicin"
hypercholesterolemia,what is the uses of Niacin
azithromycin,which medication is used for pharyngitis due to streptococcus pyogenes
hypertension,what is the uses of Diltiazem Hcl
Atopic Dermatitis,what is the uses of Fluocinonide
endometriosis,what is the uses of Norgestimate-Ethinyl Estradiol
endometriosis,what is the uses of Triptorelin Pamoate
vulvovaginal candidiasis,what is the uses of Butoconazole Nitrate
"diphenhydramine-calamine, pramoxine-calamine",which medication is used for hemorrhoids
Atopic Dermatitis,what is the uses of Triamcinolone Acetonide
hypertension,what is the uses of Hydrochlorothiazide
erythromycin stearate,which medication is used for acute bacterial sinusitis
gastroesophageal reflux disease,"what is the uses of Al Hyd-Mg Tr-Alg Ac-Sod Bicarb, Magaldrate, Aluminum-Magnesium Hydroxide, Calcium Carbonate-Mag Hydroxid, Aluminum Hydrox-Magnesium Carb, Calcium And Magnesium Carbonat, Aluminum-Magnesium-Alginate, Calcium Carbonate, Dihydroxyaluminum Sod Carb, Alum-Mag Hydroxide-Simeth"
erythromycin,which medication is used for bacterial conjunctivitis
Infantile Autism,what is the uses of Risperidone
acetohydroxamic acid,which medication is used for bacterial urinary tract infection
cefadroxil,which medication is used for pharyngitis due to streptococcus pyogenes
triamterene,which medication is used for hypertension
Atopic Dermatitis,"what is the uses of Desonide-Emollient Combo No 28, Desonide"
flatulence,"what is the uses of Al Hyd-Mg Tr-Alg Ac-Sod Bicarb, Magaldrate, Aluminum-Magnesium Hydroxide, Calcium Carbonate-Mag Hydroxid, Aluminum Hydrox-Magnesium Carb, Calcium And Magnesium Carbonat, Aluminum-Magnesium-Alginate, Calcium Carbonate, Dihydroxyaluminum Sod Carb, Alum-Mag Hydroxide-Simeth"
acyclovir,which medication is used for chickenpox
hydrocortisone-iodoquinl-aloe2,which medication is used for atopic dermatitis
benazepril-hydrochlorothiazide,which medication is used for hypertension
chlorpheniram-dm-acetaminophen,which medication is used for sore throat
naproxen,which medication is used for fever
gout,what is the uses of Ketoprofen
clobetasol,which medication is used for atopic dermatitis
"phenylephrine hcl, bismuth subg-balsam-znox-resor",which medication is used for hemorrhoids
gastroesophageal reflux disease,what is the uses of Magnesium Hydroxide
biliary calculus,what is the uses of Ursodiol
Atopic Dermatitis,what is the uses of Desoximetasone
tacrolimus,which medication is used for atopic dermatitis
Pharyngitis due to Streptococcus Pyogenes,what is the uses of Cefuroxime Axetil
back pain,what is the uses of Aspirin-Acetaminophen-Caffeine
"hydrocortisone-pramoxine, hydrocortisone",which medication is used for atopic dermatitis
cefuroxime sodium,which medication is used for bacterial urinary tract infection
gastroesophageal reflux disease,what is the uses of Esomeprazole Magnesium
back pain,what is the uses of Trolamine Salicylate-Aloe Vera
carvedilol phosphate,which medication is used for hypertension
triamterene-hydrochlorothiazid,which medication is used for edema
ibuprofen,which medication is used for gout
perindopril erbumine,which medication is used for hypertension
Bacterial Urinary Tract Infection,"what is the uses of Doxycycline Calcium, Doxycycline Hyclate, Doxycycline Monohydrate"
acetaminophen-caffeine,which medication is used for fever
gastroesophageal reflux disease,what is the uses of Metoclopramide Hcl
"al hyd-mg tr-alg ac-sod bicarb, aluminum hydrox-magnesium carb, aluminum-magnesium-alginate, calcium carbonate",which medication is used for gastroesophageal reflux disease
fever,what is the uses of Naproxen Sodium
ceftazidime,which medication is used for bacterial urinary tract infection
hemorrhoids,"what is the uses of Phenylephrine Hcl, Bismuth Subg-Balsam-Znox-Resor"
Bacterial Urinary Tract Infection,what is the uses of Cefaclor
fenofibrate micronized,which medication is used for hypercholesterolemia
doxazosin,which medication is used for hypertension
imipenem-cilastatin,which medication is used for bacterial urinary tract infection
sore throat,what is the uses of Chlorpheniram-DM-Acetaminophen
ciprofloxacin hcl,which medication is used for bacterial urinary tract infection
depression,what is the uses of Desipramine
"diphenhydramine hcl, dextromethorphan-guaifenesin, dextromethorphan hbr",which medication is used for vertigo
Bacterial Urinary Tract Infection,what is the uses of Nitrofurantoin Monohyd/M-Cryst
"doxylamine-pe-dm-acetaminophen, diphenhydramine-ppa-asa",which medication is used for fever
hypertension,what is the uses of Propranolol
Bacterial Urinary Tract Infection,what is the uses of Imipenem-Cilastatin
fibromyalgia,what is the uses of Duloxetine
hydrocortisone-oatmeal-aloe-e,which medication is used for atopic dermatitis
Atopic Dermatitis,what is the uses of Hydrocortisone Probutate
perindopril-amlodipine,which medication is used for hypertension
hemorrhoids,what is the uses of Pramoxine-Zinc Oxide
Acute Bacterial Sinusitis,what is the uses of Erythromycin Stearate
Bacterial Urinary Tract Infection,what is the uses of Aztreonam
diverticulitis of gastrointestinal tract,what is the uses of Amoxicillin-Pot Clavulanate
genital herpes simplex,what is the uses of Acyclovir Sodium
valacyclovir,which medication is used for genital herpes simplex
prevention of cerebrovascular accident,what is the uses of Amlodipine-Atorvastatin
cefixime,which medication is used for bacterial urinary tract infection
niacin,which medication is used for hypercholesterolemia
acebutolol,which medication is used for hypertension
"cpm-ppa-dm-acetaminophen, acetaminophen",which medication is used for back pain
fluocinolone,which medication is used for atopic dermatitis
endometriosis,what is the uses of Norethindrone-E.Estradiol-Iron
alum-mag hydroxide-simeth,which medication is used for flatulence
gastroesophageal reflux disease,what is the uses of Nizatidine
calcium carbonate-simethicone,which medication is used for flatulence
capsaicin,which medication is used for back pain
vertigo,what is the uses of Diphenhydramine Hcl
Pharyngitis due to Streptococcus Pyogenes,what is the uses of Penicillin G Benzathine
Atopic Dermatitis,what is the uses of Methylprednisolone
fever,what is the uses of Phenylephrine-DM-Acetaminophen
prevention of cerebrovascular accident,what is the uses of Fluvastatin
gastroesophageal reflux disease,what is the uses of Famotidine
hemorrhoids,what is the uses of Pramoxine-Calamine
hypertension,what is the uses of Metoprolol Ta-Hydrochlorothiaz
bumetanide,which medication is used for edema
hydralazine,which medication is used for hypertension
hypertension,what is the uses of Nicardipine
doxycycline calcium,which medication is used for bacterial urinary tract infection
gastroesophageal reflux disease,what is the uses of Omeprazole-Sodium Bicarbonate
Atopic Dermatitis,what is the uses of Dexamethasone Sodium Phosphate
metolazone,which medication is used for hypertension
levonorg-eth estrad triphasic,which medication is used for endometriosis
chlorpheniram-dm-acetaminophen,which medication is used for fever
metoprolol ta-hydrochlorothiaz,which medication is used for hypertension
"phenylephrine-zinc oxide, phenylephrn-pramoxine-mo-w.pet",which medication is used for hemorrhoids
mefenamic acid,which medication is used for gout
fluocinonide,which medication is used for atopic dermatitis
edema,what is the uses of Torsemide
diverticulitis of gastrointestinal tract,what is the uses of Ciprofloxacin In 5 % Dextrose
Pharyngitis due to Streptococcus Pyogenes,what is the uses of Erythromycin Stearate
pyelonephritis,what is the uses of Levofloxacin
gastroesophageal reflux disease,what is the uses of Omeprazole Magnesium
"choline,magnesium salicylate",which medication is used for fever
minocycline,which medication is used for bacterial urinary tract infection
vulvovaginal candidiasis,what is the uses of Miconazole-Skin Clnsr17
"acetaminophen-pamabrom, ibuprofen",which medication is used for gout
ampicillin-sulbactam,which medication is used for diverticulitis of gastrointestinal tract
edema,what is the uses of Acetazolamide
gastroesophageal reflux disease,what is the uses of Cimetidine Hcl
fever,what is the uses of Aspirin-Acetaminophen-Caffeine
